id_pokemon;name_pokemon;Type 1;Type 2;hp;attack;defense;sp_atk;sp.def;speed;total
 (0001;'Bulbasaur';'Grass';'Poison';45;49;49;65;65;45;318 ),
 (0002;'Ivysaur';'Grass';'Poison';60;62;63;80;80;60;405 ),
 (0003;'Venusaur';'Grass';'Poison';80;82;83;100;100;80;525 ),
 (0004;'Charmander';'Fire';NULL;39;52;43;60;50;65;309 ),
 (0005;'Charmeleon';'Fire';NULL;58;64;58;80;65;80;405 ),
 (0006;'Charizard';'Fire';'Flying';78;84;78;109;85;100;534 ),
 (0007;'Squirtle';'Water';NULL;44;48;65;50;64;43;314 ),
 (0008;'Wartortle';'Water';NULL;59;63;80;65;80;58;405 ),
 (0009;'Blastoise';'Water';NULL;79;83;100;85;105;78;530 ),
 (0010;'Caterpie';'Bug';NULL;45;30;35;20;20;45;195 ),
 (0011;'Metapod';'Bug';NULL;50;20;55;25;25;30;205 ),
 (0012;'Butterfree';'Bug';'Flying';60;45;50;90;80;70;395 ),
 (0013;'Weedle';'Bug';'Poison';40;35;30;20;20;50;195 ),
 (0014;'Kakuna';'Bug';'Poison';45;25;50;25;25;35;205 ),
 (0015;'Beedrill';'Bug';'Poison';65;90;40;45;80;75;395 ),
 (0016;'Pidgey';'Normal';'Flying';40;45;40;35;35;56;251 ),
 (0017;'Pidgeotto';'Normal';'Flying';63;60;55;50;50;71;349 ),
 (0018;'Pidgeot';'Normal';'Flying';83;80;75;70;70;101;479 ),
 (0019;'Rattata';'Normal';NULL;30;56;35;25;35;72;253 ),
 (0020;'Raticate';'Normal';NULL;55;81;60;50;70;97;413 ),
 (0021;'Spearow';'Normal';'Flying';40;60;30;31;31;70;262 ),
 (0022;'Fearow';'Normal';'Flying';65;90;65;61;61;100;442 ),
 (0023;'Ekans';'Poison';NULL;35;60;44;40;54;55;288 ),
 (0024;'Arbok';'Poison';NULL;60;95;69;65;79;80;448 ),
 (0025;'Pikachu';'Electric';NULL;35;55;40;50;50;90;320 ),
 (0026;'Raichu';'Electric';NULL;60;90;55;90;80;110;485 ),
 (0027;'Sandshrew';'Ground';NULL;50;75;85;20;30;40;300 ),
 (0028;'Sandslash';'Ground';NULL;75;100;110;45;55;65;450 ),
 (0029;'Nidoran?';'Poison';NULL;55;47;52;40;40;41;275 ),
 (0030;'Nidorina';'Poison';NULL;70;62;67;55;55;56;365 ),
 (0031;'Nidoqueen';'Poison';'Ground';90;92;87;75;85;76;505 ),
 (0032;'Nidoran?';'Poison';NULL;46;57;40;40;40;50;273 ),
 (0033;'Nidorino';'Poison';NULL;61;72;57;55;55;65;365 ),
 (0034;'Nidoking';'Poison';'Ground';81;102;77;85;75;85;505 ),
 (0035;'Clefairy';'Fairy';NULL;70;45;48;60;65;35;323 ),
 (0036;'Clefable';'Fairy';NULL;95;70;73;95;90;60;483 ),
 (0037;'Vulpix';'Fire';NULL;38;41;40;50;65;65;299 ),
 (0038;'Ninetales';'Fire';NULL;73;76;75;81;100;100;505 ),
 (0039;'Jigglypuff';'Normal';'Fairy';115;45;20;45;25;20;270 ),
 (0040;'Wigglytuff';'Normal';'Fairy';140;70;45;85;50;45;435 ),
 (0041;'Zubat';'Poison';'Flying';40;45;35;30;40;55;245 ),
 (0042;'Golbat';'Poison';'Flying';75;80;70;65;75;90;455 ),
 (0043;'Oddish';'Grass';'Poison';45;50;55;75;65;30;320 ),
 (0044;'Gloom';'Grass';'Poison';60;65;70;85;75;40;395 ),
 (0045;'Vileplume';'Grass';'Poison';75;80;85;110;90;50;490 ),
 (0046;'Paras';'Bug';'Grass';35;70;55;45;55;25;285 ),
 (0047;'Parasect';'Bug';'Grass';60;95;80;60;80;30;405 ),
 (0048;'Venonat';'Bug';'Poison';60;55;50;40;55;45;305 ),
 (0049;'Venomoth';'Bug';'Poison';70;65;60;90;75;90;450 ),
 (0050;'Diglett';'Ground';NULL;10;55;25;35;45;95;265 ),
 (0051;'Dugtrio';'Ground';NULL;35;100;50;50;70;120;425 ),
 (0052;'Meowth';'Normal';NULL;40;45;35;40;40;90;290 ),
 (0053;'Persian';'Normal';NULL;65;70;60;65;65;115;440 ),
 (0054;'Psyduck';'Water';NULL;50;52;48;65;50;55;320 ),
 (0055;'Golduck';'Water';NULL;80;82;78;95;80;85;500 ),
 (0056;'Mankey';'Fighting';NULL;40;80;35;35;45;70;305 ),
 (0057;'Primeape';'Fighting';NULL;65;105;60;60;70;95;455 ),
 (0058;'Growlithe';'Fire';NULL;55;70;45;70;50;60;350 ),
 (0059;'Arcanine';'Fire';NULL;90;110;80;100;80;95;555 ),
 (0060;'Poliwag';'Water';NULL;40;50;40;40;40;90;300 ),
 (0061;'Poliwhirl';'Water';NULL;65;65;65;50;50;90;385 ),
 (0062;'Poliwrath';'Water';'Fighting';90;95;95;70;90;70;510 ),
 (0063;'Abra';'Psychic';NULL;25;20;15;105;55;90;310 ),
 (0064;'Kadabra';'Psychic';NULL;40;35;30;120;70;105;400 ),
 (0065;'Alakazam';'Psychic';NULL;55;50;45;135;95;120;500 ),
 (0066;'Machop';'Fighting';NULL;70;80;50;35;35;35;305 ),
 (0067;'Machoke';'Fighting';NULL;80;100;70;50;60;45;405 ),
 (0068;'Machamp';'Fighting';NULL;90;130;80;65;85;55;505 ),
 (0069;'Bellsprout';'Grass';'Poison';50;75;35;70;30;40;300 ),
 (0070;'Weepinbell';'Grass';'Poison';65;90;50;85;45;55;390 ),
 (0071;'Victreebel';'Grass';'Poison';80;105;65;100;70;70;490 ),
 (0072;'Tentacool';'Water';'Poison';40;40;35;50;100;70;335 ),
 (0073;'Tentacruel';'Water';'Poison';80;70;65;80;120;100;515 ),
 (0074;'Geodude';'Rock';'Ground';40;80;100;30;30;20;300 ),
 (0075;'Graveler';'Rock';'Ground';55;95;115;45;45;35;390 ),
 (0076;'Golem';'Rock';'Ground';80;120;130;55;65;45;495 ),
 (0077;'Ponyta';'Fire';NULL;50;85;55;65;65;90;410 ),
 (0078;'Rapidash';'Fire';NULL;65;100;70;80;80;105;500 ),
 (0079;'Slowpoke';'Water';'Psychic';90;65;65;40;40;15;315 ),
 (0080;'Slowbro';'Water';'Psychic';95;75;110;100;80;30;490 ),
 (0081;'Magnemite';'Electric';'Steel';25;35;70;95;55;45;325 ),
 (0082;'Magneton';'Electric';'Steel';50;60;95;120;70;70;465 ),
 (0083;'Farfetch'd';'Normal';'Flying';52;90;55;58;62;60;377 ),
 (0084;'Doduo';'Normal';'Flying';35;85;45;35;35;75;310 ),
 (0085;'Dodrio';'Normal';'Flying';60;110;70;60;60;110;470 ),
 (0086;'Seel';'Water';NULL;65;45;55;45;70;45;325 ),
 (0087;'Dewgong';'Water';'Ice';90;70;80;70;95;70;475 ),
 (0088;'Grimer';'Poison';NULL;80;80;50;40;50;25;325 ),
 (0089;'Muk';'Poison';NULL;105;105;75;65;100;50;500 ),
 (0090;'Shellder';'Water';NULL;30;65;100;45;25;40;305 ),
 (0091;'Cloyster';'Water';'Ice';50;95;180;85;45;70;525 ),
 (0092;'Gastly';'Ghost';'Poison';30;35;30;100;35;80;310 ),
 (0093;'Haunter';'Ghost';'Poison';45;50;45;115;55;95;405 ),
 (0094;'Gengar';'Ghost';'Poison';60;65;60;130;75;110;500 ),
 (0095;'Onix';'Rock';'Ground';35;45;160;30;45;70;385 ),
 (0096;'Drowzee';'Psychic';NULL;60;48;45;43;90;42;328 ),
 (0097;'Hypno';'Psychic';NULL;85;73;70;73;115;67;483 ),
 (0098;'Krabby';'Water';NULL;30;105;90;25;25;50;325 ),
 (0099;'Kingler';'Water';NULL;55;130;115;50;50;75;475 ),
 (0100;'Voltorb';'Electric';NULL;40;30;50;55;55;100;330 ),
 (0101;'Electrode';'Electric';NULL;60;50;70;80;80;150;490 ),
 (0102;'Exeggcute';'Grass';'Psychic';60;40;80;60;45;40;325 ),
 (0103;'Exeggutor';'Grass';'Psychic';95;95;85;125;75;55;530 ),
 (0104;'Cubone';'Ground';NULL;50;50;95;40;50;35;320 ),
 (0105;'Marowak';'Ground';NULL;60;80;110;50;80;45;425 ),
 (0106;'Hitmonlee';'Fighting';NULL;50;120;53;35;110;87;455 ),
 (0107;'Hitmonchan';'Fighting';NULL;50;105;79;35;110;76;455 ),
 (0108;'Lickitung';'Normal';NULL;90;55;75;60;75;30;385 ),
 (0109;'Koffing';'Poison';NULL;40;65;95;60;45;35;340 ),
 (0110;'Weezing';'Poison';NULL;65;90;120;85;70;60;490 ),
 (0111;'Rhyhorn';'Ground';'Rock';80;85;95;30;30;25;345 ),
 (0112;'Rhydon';'Ground';'Rock';105;130;120;45;45;40;485 ),
 (0113;'Chansey';'Normal';NULL;250;5;5;35;105;50;450 ),
 (0114;'Tangela';'Grass';NULL;65;55;115;100;40;60;435 ),
 (0115;'Kangaskhan';'Normal';NULL;105;95;80;40;80;90;490 ),
 (0116;'Horsea';'Water';NULL;30;40;70;70;25;60;295 ),
 (0117;'Seadra';'Water';NULL;55;65;95;95;45;85;440 ),
 (0118;'Goldeen';'Water';NULL;45;67;60;35;50;63;320 ),
 (0119;'Seaking';'Water';NULL;80;92;65;65;80;68;450 ),
 (0120;'Staryu';'Water';NULL;30;45;55;70;55;85;340 ),
 (0121;'Starmie';'Water';'Psychic';60;75;85;100;85;115;520 ),
 (0122;'Mr. Mime';'Psychic';'Fairy';40;45;65;100;120;90;460 ),
 (0123;'Scyther';'Bug';'Flying';70;110;80;55;80;105;500 ),
 (0124;'Jynx';'Ice';'Psychic';65;50;35;115;95;95;455 ),
 (0125;'Electabuzz';'Electric';NULL;65;83;57;95;85;105;490 ),
 (0126;'Magmar';'Fire';NULL;65;95;57;100;85;93;495 ),
 (0127;'Pinsir';'Bug';NULL;65;125;100;55;70;85;500 ),
 (0128;'Tauros';'Normal';NULL;75;100;95;40;70;110;490 ),
 (0129;'Magikarp';'Water';NULL;20;10;55;15;20;80;200 ),
 (0130;'Gyarados';'Water';'Flying';95;125;79;60;100;81;540 ),
 (0131;'Lapras';'Water';'Ice';130;85;80;85;95;60;535 ),
 (0132;'Ditto';'Normal';NULL;48;48;48;48;48;48;288 ),
 (0133;'Eevee';'Normal';NULL;55;55;50;45;65;55;325 ),
 (0134;'Vaporeon';'Water';NULL;130;65;60;110;95;65;525 ),
 (0135;'Jolteon';'Electric';NULL;65;65;60;110;95;130;525 ),
 (0136;'Flareon';'Fire';NULL;65;130;60;95;110;65;525 ),
 (0137;'Porygon';'Normal';NULL;65;60;70;85;75;40;395 ),
 (0138;'Omanyte';'Rock';'Water';35;40;100;90;55;35;355 ),
 (0139;'Omastar';'Rock';'Water';70;60;125;115;70;55;495 ),
 (0140;'Kabuto';'Rock';'Water';30;80;90;55;45;55;355 ),
 (0141;'Kabutops';'Rock';'Water';60;115;105;65;70;80;495 ),
 (0142;'Aerodactyl';'Rock';'Flying';80;105;65;60;75;130;515 ),
 (0143;'Snorlax';'Normal';NULL;160;110;65;65;110;30;540 ),
 (0144;'Articuno';'Ice';'Flying';90;85;100;95;125;85;580 ),
 (0145;'Zapdos';'Electric';'Flying';90;90;85;125;90;100;580 ),
 (0146;'Moltres';'Fire';'Flying';90;100;90;125;85;90;580 ),
 (0147;'Dratini';'Dragon';NULL;41;64;45;50;50;50;300 ),
 (0148;'Dragonair';'Dragon';NULL;61;84;65;70;70;70;420 ),
 (0149;'Dragonite';'Dragon';'Flying';91;134;95;100;100;80;600 ),
 (0150;'Mewtwo';'Psychic';NULL;106;110;90;154;90;130;680 ),
 (0151;'Mew';'Psychic';NULL;100;100;100;100;100;100;600 ),
 (0152;'Chikorita';'Grass';NULL;45;49;65;49;65;45;318 ),
 (0153;'Bayleef';'Grass';NULL;60;62;80;63;80;60;405 ),
 (0154;'Meganium';'Grass';NULL;80;82;100;83;100;80;525 ),
 (0155;'Cyndaquil';'Fire';NULL;39;52;43;60;50;65;309 ),
 (0156;'Quilava';'Fire';NULL;58;64;58;80;65;80;405 ),
 (0157;'Typhlosion';'Fire';NULL;78;84;78;109;85;100;534 ),
 (0158;'Totodile';'Water';NULL;50;65;64;44;48;43;314 ),
 (0159;'Croconaw';'Water';NULL;65;80;80;59;63;58;405 ),
 (0160;'Feraligatr';'Water';NULL;85;105;100;79;83;78;530 ),
 (0161;'Sentret';'Normal';NULL;35;46;34;35;45;20;215 ),
 (0162;'Furret';'Normal';NULL;85;76;64;45;55;90;415 ),
 (0163;'Hoothoot';'Normal';'Flying';60;30;30;36;56;50;262 ),
 (0164;'Noctowl';'Normal';'Flying';100;50;50;86;96;70;452 ),
 (0165;'Ledyba';'Bug';'Flying';40;20;30;40;80;55;265 ),
 (0166;'Ledian';'Bug';'Flying';55;35;50;55;110;85;390 ),
 (0167;'Spinarak';'Bug';'Poison';40;60;40;40;40;30;250 ),
 (0168;'Ariados';'Bug';'Poison';70;90;70;60;70;40;400 ),
 (0169;'Crobat';'Poison';'Flying';85;90;80;70;80;130;535 ),
 (0170;'Chinchou';'Water';'Electric';75;38;38;56;56;67;330 ),
 (0171;'Lanturn';'Water';'Electric';125;58;58;76;76;67;460 ),
 (0172;'Pichu';'Electric';NULL;20;40;15;35;35;60;205 ),
 (0173;'Cleffa';'Fairy';NULL;50;25;28;45;55;15;218 ),
 (0174;'Igglybuff';'Normal';'Fairy';90;30;15;40;20;15;210 ),
 (0175;'Togepi';'Fairy';NULL;35;20;65;40;65;20;245 ),
 (0176;'Togetic';'Fairy';'Flying';55;40;85;80;105;40;405 ),
 (0177;'Natu';'Psychic';'Flying';40;50;45;70;45;70;320 ),
 (0178;'Xatu';'Psychic';'Flying';65;75;70;95;70;95;470 ),
 (0179;'Mareep';'Electric';NULL;55;40;40;65;45;35;280 ),
 (0180;'Flaaffy';'Electric';NULL;70;55;55;80;60;45;365 ),
 (0181;'Ampharos';'Electric';NULL;90;75;85;115;90;55;510 ),
 (0182;'Bellossom';'Grass';NULL;75;80;95;90;100;50;490 ),
 (0183;'Marill';'Water';'Fairy';70;20;50;20;50;40;250 ),
 (0184;'Azumarill';'Water';'Fairy';100;50;80;60;80;50;420 ),
 (0185;'Sudowoodo';'Rock';NULL;70;100;115;30;65;30;410 ),
 (0186;'Politoed';'Water';NULL;90;75;75;90;100;70;500 ),
 (0187;'Hoppip';'Grass';'Flying';35;35;40;35;55;50;250 ),
 (0188;'Skiploom';'Grass';'Flying';55;45;50;45;65;80;340 ),
 (0189;'Jumpluff';'Grass';'Flying';75;55;70;55;95;110;460 ),
 (0190;'Aipom';'Normal';NULL;55;70;55;40;55;85;360 ),
 (0191;'Sunkern';'Grass';NULL;30;30;30;30;30;30;180 ),
 (0192;'Sunflora';'Grass';NULL;75;75;55;105;85;30;425 ),
 (0193;'Yanma';'Bug';'Flying';65;65;45;75;45;95;390 ),
 (0194;'Wooper';'Water';'Ground';55;45;45;25;25;15;210 ),
 (0195;'Quagsire';'Water';'Ground';95;85;85;65;65;35;430 ),
 (0196;'Espeon';'Psychic';NULL;65;65;60;130;95;110;525 ),
 (0197;'Umbreon';'Dark';NULL;95;65;110;60;130;65;525 ),
 (0198;'Murkrow';'Dark';'Flying';60;85;42;85;42;91;405 ),
 (0199;'Slowking';'Water';'Psychic';95;75;80;100;110;30;490 ),
 (0200;'Misdreavus';'Ghost';NULL;60;60;60;85;85;85;435 ),
 (0201;'Unown';'Psychic';NULL;48;72;48;72;48;48;336 ),
 (0202;'Wobbuffet';'Psychic';NULL;190;33;58;33;58;33;405 ),
 (0203;'Girafarig';'Normal';'Psychic';70;80;65;90;65;85;455 ),
 (0204;'Pineco';'Bug';NULL;50;65;90;35;35;15;290 ),
 (0205;'Forretress';'Bug';'Steel';75;90;140;60;60;40;465 ),
 (0206;'Dunsparce';'Normal';NULL;100;70;70;65;65;45;415 ),
 (0207;'Gligar';'Ground';'Flying';65;75;105;35;65;85;430 ),
 (0208;'Steelix';'Steel';'Ground';75;85;200;55;65;30;510 ),
 (0209;'Snubbull';'Fairy';NULL;60;80;50;40;40;30;300 ),
 (0210;'Granbull';'Fairy';NULL;90;120;75;60;60;45;450 ),
 (0211;'Qwilfish';'Water';'Poison';65;95;85;55;55;85;440 ),
 (0212;'Scizor';'Bug';'Steel';70;130;100;55;80;65;500 ),
 (0213;'Shuckle';'Bug';'Rock';20;10;230;10;230;5;505 ),
 (0214;'Heracross';'Bug';'Fighting';80;125;75;40;95;85;500 ),
 (0215;'Sneasel';'Dark';'Ice';55;95;55;35;75;115;430 ),
 (0216;'Teddiursa';'Normal';NULL;60;80;50;50;50;40;330 ),
 (0217;'Ursaring';'Normal';NULL;90;130;75;75;75;55;500 ),
 (0218;'Slugma';'Fire';NULL;40;40;40;70;40;20;250 ),
 (0219;'Magcargo';'Fire';'Rock';60;50;120;90;80;30;430 ),
 (0220;'Swinub';'Ice';'Ground';50;50;40;30;30;50;250 ),
 (0221;'Piloswine';'Ice';'Ground';100;100;80;60;60;50;450 ),
 (0222;'Corsola';'Water';'Rock';65;55;95;65;95;35;410 ),
 (0223;'Remoraid';'Water';NULL;35;65;35;65;35;65;300 ),
 (0224;'Octillery';'Water';NULL;75;105;75;105;75;45;480 ),
 (0225;'Delibird';'Ice';'Flying';45;55;45;65;45;75;330 ),
 (0226;'Mantine';'Water';'Flying';85;40;70;80;140;70;485 ),
 (0227;'Skarmory';'Steel';'Flying';65;80;140;40;70;70;465 ),
 (0228;'Houndour';'Dark';'Fire';45;60;30;80;50;65;330 ),
 (0229;'Houndoom';'Dark';'Fire';75;90;50;110;80;95;500 ),
 (0230;'Kingdra';'Water';'Dragon';75;95;95;95;95;85;540 ),
 (0231;'Phanpy';'Ground';NULL;90;60;60;40;40;40;330 ),
 (0232;'Donphan';'Ground';NULL;90;120;120;60;60;50;500 ),
 (0233;'Porygon2';'Normal';NULL;85;80;90;105;95;60;515 ),
 (0234;'Stantler';'Normal';NULL;73;95;62;85;65;85;465 ),
 (0235;'Smeargle';'Normal';NULL;55;20;35;20;45;75;250 ),
 (0236;'Tyrogue';'Fighting';NULL;35;35;35;35;35;35;210 ),
 (0237;'Hitmontop';'Fighting';NULL;50;95;95;35;110;70;455 ),
 (0238;'Smoochum';'Ice';'Psychic';45;30;15;85;65;65;305 ),
 (0239;'Elekid';'Electric';NULL;45;63;37;65;55;95;360 ),
 (0240;'Magby';'Fire';NULL;45;75;37;70;55;83;365 ),
 (0241;'Miltank';'Normal';NULL;95;80;105;40;70;100;490 ),
 (0242;'Blissey';'Normal';NULL;255;10;10;75;135;55;540 ),
 (0243;'Raikou';'Electric';NULL;90;85;75;115;100;115;580 ),
 (0244;'Entei';'Fire';NULL;115;115;85;90;75;100;580 ),
 (0245;'Suicune';'Water';NULL;100;75;115;90;115;85;580 ),
 (0246;'Larvitar';'Rock';'Ground';50;64;50;45;50;41;300 ),
 (0247;'Pupitar';'Rock';'Ground';70;84;70;65;70;51;410 ),
 (0248;'Tyranitar';'Rock';'Dark';100;134;110;95;100;61;600 ),
 (0249;'Lugia';'Psychic';'Flying';106;90;130;90;154;110;680 ),
 (0250;'Ho-oh';'Fire';'Flying';106;130;90;110;154;90;680 ),
 (0251;'Celebi';'Psychic';'Grass';100;100;100;100;100;100;600 ),
 (0252;'Treecko';'Grass';NULL;40;45;35;65;55;70;310 ),
 (0253;'Grovyle';'Grass';NULL;50;65;45;85;65;95;405 ),
 (0254;'Sceptile';'Grass';NULL;70;85;65;105;85;120;530 ),
 (0255;'Torchic';'Fire';NULL;45;60;40;70;50;45;310 ),
 (0256;'Combusken';'Fire';'Fighting';60;85;60;85;60;55;405 ),
 (0257;'Blaziken';'Fire';'Fighting';80;120;70;110;70;80;530 ),
 (0258;'Mudkip';'Water';NULL;50;70;50;50;50;40;310 ),
 (0259;'Marshtomp';'Water';'Ground';70;85;70;60;70;50;405 ),
 (0260;'Swampert';'Water';'Ground';100;110;90;85;90;60;535 ),
 (0261;'Poochyena';'Dark';NULL;35;55;35;30;30;35;220 ),
 (0262;'Mightyena';'Dark';NULL;70;90;70;60;60;70;420 ),
 (0263;'Zigzagoon';'Normal';NULL;38;30;41;30;41;60;240 ),
 (0264;'Linoone';'Normal';NULL;78;70;61;50;61;100;420 ),
 (0265;'Wurmple';'Bug';NULL;45;45;35;20;30;20;195 ),
 (0266;'Silcoon';'Bug';NULL;50;35;55;25;25;15;205 ),
 (0267;'Beautifly';'Bug';'Flying';60;70;50;100;50;65;395 ),
 (0268;'Cascoon';'Bug';NULL;50;35;55;25;25;15;205 ),
 (0269;'Dustox';'Bug';'Poison';60;50;70;50;90;65;385 ),
 (0270;'Lotad';'Water';'Grass';40;30;30;40;50;30;220 ),
 (0271;'Lombre';'Water';'Grass';60;50;50;60;70;50;340 ),
 (0272;'Ludicolo';'Water';'Grass';80;70;70;90;100;70;480 ),
 (0273;'Seedot';'Grass';NULL;40;40;50;30;30;30;220 ),
 (0274;'Nuzleaf';'Grass';'Dark';70;70;40;60;40;60;340 ),
 (0275;'Shiftry';'Grass';'Dark';90;100;60;90;60;80;480 ),
 (0276;'Taillow';'Normal';'Flying';40;55;30;30;30;85;270 ),
 (0277;'Swellow';'Normal';'Flying';60;85;60;75;50;125;455 ),
 (0278;'Wingull';'Water';'Flying';40;30;30;55;30;85;270 ),
 (0279;'Pelipper';'Water';'Flying';60;50;100;95;70;65;440 ),
 (0280;'Ralts';'Psychic';'Fairy';28;25;25;45;35;40;198 ),
 (0281;'Kirlia';'Psychic';'Fairy';38;35;35;65;55;50;278 ),
 (0282;'Gardevoir';'Psychic';'Fairy';68;65;65;125;115;80;518 ),
 (0283;'Surskit';'Bug';'Water';40;30;32;50;52;65;269 ),
 (0284;'Masquerain';'Bug';'Flying';70;60;62;100;82;80;454 ),
 (0285;'Shroomish';'Grass';NULL;60;40;60;40;60;35;295 ),
 (0286;'Breloom';'Grass';'Fighting';60;130;80;60;60;70;460 ),
 (0287;'Slakoth';'Normal';NULL;60;60;60;35;35;30;280 ),
 (0288;'Vigoroth';'Normal';NULL;80;80;80;55;55;90;440 ),
 (0289;'Slaking';'Normal';NULL;150;160;100;95;65;100;670 ),
 (0290;'Nincada';'Bug';'Ground';31;45;90;30;30;40;266 ),
 (0291;'Ninjask';'Bug';'Flying';61;90;45;50;50;160;456 ),
 (0292;'Shedinja';'Bug';'Ghost';1;90;45;30;30;40;236 ),
 (0293;'Whismur';'Normal';NULL;64;51;23;51;23;28;240 ),
 (0294;'Loudred';'Normal';NULL;84;71;43;71;43;48;360 ),
 (0295;'Exploud';'Normal';NULL;104;91;63;91;73;68;490 ),
 (0296;'Makuhita';'Fighting';NULL;72;60;30;20;30;25;237 ),
 (0297;'Hariyama';'Fighting';NULL;144;120;60;40;60;50;474 ),
 (0298;'Azurill';'Normal';'Fairy';50;20;40;20;40;20;190 ),
 (0299;'Nosepass';'Rock';NULL;30;45;135;45;90;30;375 ),
 (0300;'Skitty';'Normal';NULL;50;45;45;35;35;50;260 ),
 (0301;'Delcatty';'Normal';NULL;70;65;65;55;55;90;400 ),
 (0302;'Sableye';'Dark';'Ghost';50;75;75;65;65;50;380 ),
 (0303;'Mawile';'Steel';'Fairy';50;85;85;55;55;50;380 ),
 (0304;'Aron';'Steel';'Rock';50;70;100;40;40;30;330 ),
 (0305;'Lairon';'Steel';'Rock';60;90;140;50;50;40;430 ),
 (0306;'Aggron';'Steel';'Rock';70;110;180;60;60;50;530 ),
 (0307;'Meditite';'Fighting';'Psychic';30;40;55;40;55;60;280 ),
 (0308;'Medicham';'Fighting';'Psychic';60;60;75;60;75;80;410 ),
 (0309;'Electrike';'Electric';NULL;40;45;40;65;40;65;295 ),
 (0310;'Manectric';'Electric';NULL;70;75;60;105;60;105;475 ),
 (0311;'Plusle';'Electric';NULL;60;50;40;85;75;95;405 ),
 (0312;'Minun';'Electric';NULL;60;40;50;75;85;95;405 ),
 (0313;'Volbeat';'Bug';NULL;65;73;75;47;85;85;430 ),
 (0314;'Illumise';'Bug';NULL;65;47;75;73;85;85;430 ),
 (0315;'Roselia';'Grass';'Poison';50;60;45;100;80;65;400 ),
 (0316;'Gulpin';'Poison';NULL;70;43;53;43;53;40;302 ),
 (0317;'Swalot';'Poison';NULL;100;73;83;73;83;55;467 ),
 (0318;'Carvanha';'Water';'Dark';45;90;20;65;20;65;305 ),
 (0319;'Sharpedo';'Water';'Dark';70;120;40;95;40;95;460 ),
 (0320;'Wailmer';'Water';NULL;130;70;35;70;35;60;400 ),
 (0321;'Wailord';'Water';NULL;170;90;45;90;45;60;500 ),
 (0322;'Numel';'Fire';'Ground';60;60;40;65;45;35;305 ),
 (0323;'Camerupt';'Fire';'Ground';70;100;70;105;75;40;460 ),
 (0324;'Torkoal';'Fire';NULL;70;85;140;85;70;20;470 ),
 (0325;'Spoink';'Psychic';NULL;60;25;35;70;80;60;330 ),
 (0326;'Grumpig';'Psychic';NULL;80;45;65;90;110;80;470 ),
 (0327;'Spinda';'Normal';NULL;60;60;60;60;60;60;360 ),
 (0328;'Trapinch';'Ground';NULL;45;100;45;45;45;10;290 ),
 (0329;'Vibrava';'Ground';'Dragon';50;70;50;50;50;70;340 ),
 (0330;'Flygon';'Ground';'Dragon';80;100;80;80;80;100;520 ),
 (0331;'Cacnea';'Grass';NULL;50;85;40;85;40;35;335 ),
 (0332;'Cacturne';'Grass';'Dark';70;115;60;115;60;55;475 ),
 (0333;'Swablu';'Normal';'Flying';45;40;60;40;75;50;310 ),
 (0334;'Altaria';'Dragon';'Flying';75;70;90;70;105;80;490 ),
 (0335;'Zangoose';'Normal';NULL;73;115;60;60;60;90;458 ),
 (0336;'Seviper';'Poison';NULL;73;100;60;100;60;65;458 ),
 (0337;'Lunatone';'Rock';'Psychic';90;55;65;95;85;70;460 ),
 (0338;'Solrock';'Rock';'Psychic';90;95;85;55;65;70;460 ),
 (0339;'Barboach';'Water';'Ground';50;48;43;46;41;60;288 ),
 (0340;'Whiscash';'Water';'Ground';110;78;73;76;71;60;468 ),
 (0341;'Corphish';'Water';NULL;43;80;65;50;35;35;308 ),
 (0342;'Crawdaunt';'Water';'Dark';63;120;85;90;55;55;468 ),
 (0343;'Baltoy';'Ground';'Psychic';40;40;55;40;70;55;300 ),
 (0344;'Claydol';'Ground';'Psychic';60;70;105;70;120;75;500 ),
 (0345;'Lileep';'Rock';'Grass';66;41;77;61;87;23;355 ),
 (0346;'Cradily';'Rock';'Grass';86;81;97;81;107;43;495 ),
 (0347;'Anorith';'Rock';'Bug';45;95;50;40;50;75;355 ),
 (0348;'Armaldo';'Rock';'Bug';75;125;100;70;80;45;495 ),
 (0349;'Feebas';'Water';NULL;20;15;20;10;55;80;200 ),
 (0350;'Milotic';'Water';NULL;95;60;79;100;125;81;540 ),
 (0351;'Castform';'Normal';NULL;70;70;70;70;70;70;420 ),
 (0352;'Kecleon';'Normal';NULL;60;90;70;60;120;40;440 ),
 (0353;'Shuppet';'Ghost';NULL;44;75;35;63;33;45;295 ),
 (0354;'Banette';'Ghost';NULL;64;115;65;83;63;65;455 ),
 (0355;'Duskull';'Ghost';NULL;20;40;90;30;90;25;295 ),
 (0356;'Dusclops';'Ghost';NULL;40;70;130;60;130;25;455 ),
 (0357;'Tropius';'Grass';'Flying';99;68;83;72;87;51;460 ),
 (0358;'Chimecho';'Psychic';NULL;75;50;80;95;90;65;455 ),
 (0359;'Absol';'Dark';NULL;65;130;60;75;60;75;465 ),
 (0360;'Wynaut';'Psychic';NULL;95;23;48;23;48;23;260 ),
 (0361;'Snorunt';'Ice';NULL;50;50;50;50;50;50;300 ),
 (0362;'Glalie';'Ice';NULL;80;80;80;80;80;80;480 ),
 (0363;'Spheal';'Ice';'Water';70;40;50;55;50;25;290 ),
 (0364;'Sealeo';'Ice';'Water';90;60;70;75;70;45;410 ),
 (0365;'Walrein';'Ice';'Water';110;80;90;95;90;65;530 ),
 (0366;'Clamperl';'Water';NULL;35;64;85;74;55;32;345 ),
 (0367;'Huntail';'Water';NULL;55;104;105;94;75;52;485 ),
 (0368;'Gorebyss';'Water';NULL;55;84;105;114;75;52;485 ),
 (0369;'Relicanth';'Water';'Rock';100;90;130;45;65;55;485 ),
 (0370;'Luvdisc';'Water';NULL;43;30;55;40;65;97;330 ),
 (0371;'Bagon';'Dragon';NULL;45;75;60;40;30;50;300 ),
 (0372;'Shelgon';'Dragon';NULL;65;95;100;60;50;50;420 ),
 (0373;'Salamence';'Dragon';'Flying';95;135;80;110;80;100;600 ),
 (0374;'Beldum';'Steel';'Psychic';40;55;80;35;60;30;300 ),
 (0375;'Metang';'Steel';'Psychic';60;75;100;55;80;50;420 ),
 (0376;'Metagross';'Steel';'Psychic';80;135;130;95;90;70;600 ),
 (0377;'Regirock';'Rock';NULL;80;100;200;50;100;50;580 ),
 (0378;'Regice';'Ice';NULL;80;50;100;100;200;50;580 ),
 (0379;'Registeel';'Steel';NULL;80;75;150;75;150;50;580 ),
 (0380;'Latias';'Dragon';'Psychic';80;80;90;110;130;110;600 ),
 (0381;'Latios';'Dragon';'Psychic';80;90;80;130;110;110;600 ),
 (0382;'Kyogre';'Water';NULL;100;100;90;150;140;90;670 ),
 (0383;'Groudon';'Ground';NULL;100;150;140;100;90;90;670 ),
 (0384;'Rayquaza';'Dragon';'Flying';105;150;90;150;90;95;680 ),
 (0385;'Jirachi';'Steel';'Psychic';100;100;100;100;100;100;600 ),
 (0386;'Deoxys';'Psychic';NULL;50;150;50;150;50;150;600 ),
 (0387;'Turtwig';'Grass';NULL;55;68;64;45;55;31;318 ),
 (0388;'Grotle';'Grass';NULL;75;89;85;55;65;36;405 ),
 (0389;'Torterra';'Grass';'Ground';95;109;105;75;85;56;525 ),
 (0390;'Chimchar';'Fire';NULL;44;58;44;58;44;61;309 ),
 (0391;'Monferno';'Fire';'Fighting';64;78;52;78;52;81;405 ),
 (0392;'Infernape';'Fire';'Fighting';76;104;71;104;71;108;534 ),
 (0393;'Piplup';'Water';NULL;53;51;53;61;56;40;314 ),
 (0394;'Prinplup';'Water';NULL;64;66;68;81;76;50;405 ),
 (0395;'Empoleon';'Water';'Steel';84;86;88;111;101;60;530 ),
 (0396;'Starly';'Normal';'Flying';40;55;30;30;30;60;245 ),
 (0397;'Staravia';'Normal';'Flying';55;75;50;40;40;80;340 ),
 (0398;'Staraptor';'Normal';'Flying';85;120;70;50;60;100;485 ),
 (0399;'Bidoof';'Normal';NULL;59;45;40;35;40;31;250 ),
 (0400;'Bibarel';'Normal';'Water';79;85;60;55;60;71;410 ),
 (0401;'Kricketot';'Bug';NULL;37;25;41;25;41;25;194 ),
 (0402;'Kricketune';'Bug';NULL;77;85;51;55;51;65;384 ),
 (0403;'Shinx';'Electric';NULL;45;65;34;40;34;45;263 ),
 (0404;'Luxio';'Electric';NULL;60;85;49;60;49;60;363 ),
 (0405;'Luxray';'Electric';NULL;80;120;79;95;79;70;523 ),
 (0406;'Budew';'Grass';'Poison';40;30;35;50;70;55;280 ),
 (0407;'Roserade';'Grass';'Poison';60;70;65;125;105;90;515 ),
 (0408;'Cranidos';'Rock';NULL;67;125;40;30;30;58;350 ),
 (0409;'Rampardos';'Rock';NULL;97;165;60;65;50;58;495 ),
 (0410;'Shieldon';'Rock';'Steel';30;42;118;42;88;30;350 ),
 (0411;'Bastiodon';'Rock';'Steel';60;52;168;47;138;30;495 ),
 (0412;'Burmy';'Bug';NULL;40;29;45;29;45;36;224 ),
 (0413;'Wormadam';'Bug';'Grass';60;59;85;79;105;36;424 ),
 (0414;'Mothim';'Bug';'Flying';70;94;50;94;50;66;424 ),
 (0415;'Combee';'Bug';'Flying';30;30;42;30;42;70;244 ),
 (0416;'Vespiquen';'Bug';'Flying';70;80;102;80;102;40;474 ),
 (0417;'Pachirisu';'Electric';NULL;60;45;70;45;90;95;405 ),
 (0418;'Buizel';'Water';NULL;55;65;35;60;30;85;330 ),
 (0419;'Floatzel';'Water';NULL;85;105;55;85;50;115;495 ),
 (0420;'Cherubi';'Grass';NULL;45;35;45;62;53;35;275 ),
 (0421;'Cherrim';'Grass';NULL;70;60;70;87;78;85;450 ),
 (0422;'Shellos';'Water';NULL;76;48;48;57;62;34;325 ),
 (0423;'Gastrodon';'Water';'Ground';111;83;68;92;82;39;475 ),
 (0424;'Ambipom';'Normal';NULL;75;100;66;60;66;115;482 ),
 (0425;'Drifloon';'Ghost';'Flying';90;50;34;60;44;70;348 ),
 (0426;'Drifblim';'Ghost';'Flying';150;80;44;90;54;80;498 ),
 (0427;'Buneary';'Normal';NULL;55;66;44;44;56;85;350 ),
 (0428;'Lopunny';'Normal';NULL;65;76;84;54;96;105;480 ),
 (0429;'Mismagius';'Ghost';NULL;60;60;60;105;105;105;495 ),
 (0430;'Honchkrow';'Dark';'Flying';100;125;52;105;52;71;505 ),
 (0431;'Glameow';'Normal';NULL;49;55;42;42;37;85;310 ),
 (0432;'Purugly';'Normal';NULL;71;82;64;64;59;112;452 ),
 (0433;'Chingling';'Psychic';NULL;45;30;50;65;50;45;285 ),
 (0434;'Stunky';'Poison';'Dark';63;63;47;41;41;74;329 ),
 (0435;'Skuntank';'Poison';'Dark';103;93;67;71;61;84;479 ),
 (0436;'Bronzor';'Steel';'Psychic';57;24;86;24;86;23;300 ),
 (0437;'Bronzong';'Steel';'Psychic';67;89;116;79;116;33;500 ),
 (0438;'Bonsly';'Rock';NULL;50;80;95;10;45;10;290 ),
 (0439;'Mime Jr.';'Psychic';'Fairy';20;25;45;70;90;60;310 ),
 (0440;'Happiny';'Normal';NULL;100;5;5;15;65;30;220 ),
 (0441;'Chatot';'Normal';'Flying';76;65;45;92;42;91;411 ),
 (0442;'Spiritomb';'Ghost';'Dark';50;92;108;92;108;35;485 ),
 (0443;'Gible';'Dragon';'Ground';58;70;45;40;45;42;300 ),
 (0444;'Gabite';'Dragon';'Ground';68;90;65;50;55;82;410 ),
 (0445;'Garchomp';'Dragon';'Ground';108;130;95;80;85;102;600 ),
 (0446;'Munchlax';'Normal';NULL;135;85;40;40;85;5;390 ),
 (0447;'Riolu';'Fighting';NULL;40;70;40;35;40;60;285 ),
 (0448;'Lucario';'Fighting';'Steel';70;110;70;115;70;90;525 ),
 (0449;'Hippopotas';'Ground';NULL;68;72;78;38;42;32;330 ),
 (0450;'Hippowdon';'Ground';NULL;108;112;118;68;72;47;525 ),
 (0451;'Skorupi';'Poison';'Bug';40;50;90;30;55;65;330 ),
 (0452;'Drapion';'Poison';'Dark';70;90;110;60;75;95;500 ),
 (0453;'Croagunk';'Poison';'Fighting';48;61;40;61;40;50;300 ),
 (0454;'Toxicroak';'Poison';'Fighting';83;106;65;86;65;85;490 ),
 (0455;'Carnivine';'Grass';NULL;74;100;72;90;72;46;454 ),
 (0456;'Finneon';'Water';NULL;49;49;56;49;61;66;330 ),
 (0457;'Lumineon';'Water';NULL;69;69;76;69;86;91;460 ),
 (0458;'Mantyke';'Water';'Flying';45;20;50;60;120;50;345 ),
 (0459;'Snover';'Grass';'Ice';60;62;50;62;60;40;334 ),
 (0460;'Abomasnow';'Grass';'Ice';90;92;75;92;85;60;494 ),
 (0461;'Weavile';'Dark';'Ice';70;120;65;45;85;125;510 ),
 (0462;'Magnezone';'Electric';'Steel';70;70;115;130;90;60;535 ),
 (0463;'Lickilicky';'Normal';NULL;110;85;95;80;95;50;515 ),
 (0464;'Rhyperior';'Ground';'Rock';115;140;130;55;55;40;535 ),
 (0465;'Tangrowth';'Grass';NULL;100;100;125;110;50;50;535 ),
 (0466;'Electivire';'Electric';NULL;75;123;67;95;85;95;540 ),
 (0467;'Magmortar';'Fire';NULL;75;95;67;125;95;83;540 ),
 (0468;'Togekiss';'Fairy';'Flying';85;50;95;120;115;80;545 ),
 (0469;'Yanmega';'Bug';'Flying';86;76;86;116;56;95;515 ),
 (0470;'Leafeon';'Grass';NULL;65;110;130;60;65;95;525 ),
 (0471;'Glaceon';'Ice';NULL;65;60;110;130;95;65;525 ),
 (0472;'Gliscor';'Ground';'Flying';75;95;125;45;75;95;510 ),
 (0473;'Mamoswine';'Ice';'Ground';110;130;80;70;60;80;530 ),
 (0474;'Porygon-Z';'Normal';NULL;85;80;70;135;75;90;535 ),
 (0475;'Gallade';'Psychic';'Fighting';68;125;65;65;115;80;518 ),
 (0476;'Probopass';'Rock';'Steel';60;55;145;75;150;40;525 ),
 (0477;'Dusknoir';'Ghost';NULL;45;100;135;65;135;45;525 ),
 (0478;'Froslass';'Ice';'Ghost';70;80;70;80;70;110;480 ),
 (0479;'Rotom';'Electric';'Ghost';50;50;77;95;77;91;440 ),
 (0480;'Uxie';'Psychic';NULL;75;75;130;75;130;95;580 ),
 (0481;'Mesprit';'Psychic';NULL;80;105;105;105;105;80;580 ),
 (0482;'Azelf';'Psychic';NULL;75;125;70;125;70;115;580 ),
 (0483;'Dialga';'Steel';'Dragon';100;120;120;150;100;90;680 ),
 (0484;'Palkia';'Water';'Dragon';90;120;100;150;120;100;680 ),
 (0485;'Heatran';'Fire';'Steel';91;90;106;130;106;77;600 ),
 (0486;'Regigigas';'Normal';NULL;110;160;110;80;110;100;670 ),
 (0487;'Giratina';'Ghost';'Dragon';150;100;120;100;120;90;680 ),
 (0488;'Cresselia';'Psychic';NULL;120;70;110;75;120;85;580 ),
 (0489;'Phione';'Water';NULL;80;80;80;80;80;80;480 ),
 (0490;'Manaphy';'Water';NULL;100;100;100;100;100;100;600 ),
 (0491;'Darkrai';'Dark';NULL;70;90;90;135;90;125;600 ),
 (0492;'Shaymin';'Grass';NULL;100;100;100;100;100;100;600 ),
 (0493;'Arceus';'Normal';NULL;120;120;120;120;120;120;720 ),
 (0494;'Victini';'Psychic';'Fire';100;100;100;100;100;100;600 ),
 (0495;'Snivy';'Grass';NULL;45;45;55;45;55;63;308 ),
 (0496;'Servine';'Grass';NULL;60;60;75;60;75;83;413 ),
 (0497;'Serperior';'Grass';NULL;75;75;95;75;95;113;528 ),
 (0498;'Tepig';'Fire';NULL;65;63;45;45;45;45;308 ),
 (0499;'Pignite';'Fire';'Fighting';90;93;55;70;55;55;418 ),
 (0500;'Emboar';'Fire';'Fighting';110;123;65;100;65;65;528 ),
 (0501;'Oshawott';'Water';NULL;55;55;45;63;45;45;308 ),
 (0502;'Dewott';'Water';NULL;75;75;60;83;60;60;413 ),
 (0503;'Samurott';'Water';NULL;95;100;85;108;70;70;528 ),
 (0504;'Patrat';'Normal';NULL;45;55;39;35;39;42;255 ),
 (0505;'Watchog';'Normal';NULL;60;85;69;60;69;77;420 ),
 (0506;'Lillipup';'Normal';NULL;45;60;45;25;45;55;275 ),
 (0507;'Herdier';'Normal';NULL;65;80;65;35;65;60;370 ),
 (0508;'Stoutland';'Normal';NULL;85;110;90;45;90;80;500 ),
 (0509;'Purrloin';'Dark';NULL;41;50;37;50;37;66;281 ),
 (0510;'Liepard';'Dark';NULL;64;88;50;88;50;106;446 ),
 (0511;'Pansage';'Grass';NULL;50;53;48;53;48;64;316 ),
 (0512;'Simisage';'Grass';NULL;75;98;63;98;63;101;498 ),
 (0513;'Pansear';'Fire';NULL;50;53;48;53;48;64;316 ),
 (0514;'Simisear';'Fire';NULL;75;98;63;98;63;101;498 ),
 (0515;'Panpour';'Water';NULL;50;53;48;53;48;64;316 ),
 (0516;'Simipour';'Water';NULL;75;98;63;98;63;101;498 ),
 (0517;'Munna';'Psychic';NULL;76;25;45;67;55;24;292 ),
 (0518;'Musharna';'Psychic';NULL;116;55;85;107;95;29;487 ),
 (0519;'Pidove';'Normal';'Flying';50;55;50;36;30;43;264 ),
 (0520;'Tranquill';'Normal';'Flying';62;77;62;50;42;65;358 ),
 (0521;'Unfezant';'Normal';'Flying';80;115;80;65;55;93;488 ),
 (0522;'Blitzle';'Electric';NULL;45;60;32;50;32;76;295 ),
 (0523;'Zebstrika';'Electric';NULL;75;100;63;80;63;116;497 ),
 (0524;'Roggenrola';'Rock';NULL;55;75;85;25;25;15;280 ),
 (0525;'Boldore';'Rock';NULL;70;105;105;50;40;20;390 ),
 (0526;'Gigalith';'Rock';NULL;85;135;130;60;80;25;515 ),
 (0527;'Woobat';'Psychic';'Flying';65;45;43;55;43;72;323 ),
 (0528;'Swoobat';'Psychic';'Flying';67;57;55;77;55;114;425 ),
 (0529;'Drilbur';'Ground';NULL;60;85;40;30;45;68;328 ),
 (0530;'Excadrill';'Ground';'Steel';110;135;60;50;65;88;508 ),
 (0531;'Audino';'Normal';NULL;103;60;86;60;86;50;445 ),
 (0532;'Timburr';'Fighting';NULL;75;80;55;25;35;35;305 ),
 (0533;'Gurdurr';'Fighting';NULL;85;105;85;40;50;40;405 ),
 (0534;'Conkeldurr';'Fighting';NULL;105;140;95;55;65;45;505 ),
 (0535;'Tympole';'Water';NULL;50;50;40;50;40;64;294 ),
 (0536;'Palpitoad';'Water';'Ground';75;65;55;65;55;69;384 ),
 (0537;'Seismitoad';'Water';'Ground';105;95;75;85;75;74;509 ),
 (0538;'Throh';'Fighting';NULL;120;100;85;30;85;45;465 ),
 (0539;'Sawk';'Fighting';NULL;75;125;75;30;75;85;465 ),
 (0540;'Sewaddle';'Bug';'Grass';45;53;70;40;60;42;310 ),
 (0541;'Swadloon';'Bug';'Grass';55;63;90;50;80;42;380 ),
 (0542;'Leavanny';'Bug';'Grass';75;103;80;70;80;92;500 ),
 (0543;'Venipede';'Bug';'Poison';30;45;59;30;39;57;260 ),
 (0544;'Whirlipede';'Bug';'Poison';40;55;99;40;79;47;360 ),
 (0545;'Scolipede';'Bug';'Poison';60;100;89;55;69;112;485 ),
 (0546;'Cottonee';'Grass';'Fairy';40;27;60;37;50;66;280 ),
 (0547;'Whimsicott';'Grass';'Fairy';60;67;85;77;75;116;480 ),
 (0548;'Petilil';'Grass';NULL;45;35;50;70;50;30;280 ),
 (0549;'Lilligant';'Grass';NULL;70;60;75;110;75;90;480 ),
 (0550;'Basculin';'Water';NULL;70;92;65;80;55;98;460 ),
 (0551;'Sandile';'Ground';'Dark';50;72;35;35;35;65;292 ),
 (0552;'Krokorok';'Ground';'Dark';60;82;45;45;45;74;351 ),
 (0553;'Krookodile';'Ground';'Dark';95;117;80;65;70;92;519 ),
 (0554;'Darumaka';'Fire';NULL;70;90;45;15;45;50;315 ),
 (0555;'Darmanitan';'Fire';NULL;105;140;55;30;55;95;480 ),
 (0556;'Maractus';'Grass';NULL;75;86;67;106;67;60;461 ),
 (0557;'Dwebble';'Bug';'Rock';50;65;85;35;35;55;325 ),
 (0558;'Crustle';'Bug';'Rock';70;105;125;65;75;45;485 ),
 (0559;'Scraggy';'Dark';'Fighting';50;75;70;35;70;48;348 ),
 (0560;'Scrafty';'Dark';'Fighting';65;90;115;45;115;58;488 ),
 (0561;'Sigilyph';'Psychic';'Flying';72;58;80;103;80;97;490 ),
 (0562;'Yamask';'Ghost';NULL;38;30;85;55;65;30;303 ),
 (0563;'Cofagrigus';'Ghost';NULL;58;50;145;95;105;30;483 ),
 (0564;'Tirtouga';'Water';'Rock';54;78;103;53;45;22;355 ),
 (0565;'Carracosta';'Water';'Rock';74;108;133;83;65;32;495 ),
 (0566;'Archen';'Rock';'Flying';55;112;45;74;45;70;401 ),
 (0567;'Archeops';'Rock';'Flying';75;140;65;112;65;110;567 ),
 (0568;'Trubbish';'Poison';NULL;50;50;62;40;62;65;329 ),
 (0569;'Garbodor';'Poison';NULL;80;95;82;60;82;75;474 ),
 (0570;'Zorua';'Dark';NULL;40;65;40;80;40;65;330 ),
 (0571;'Zoroark';'Dark';NULL;60;105;60;120;60;105;510 ),
 (0572;'Minccino';'Normal';NULL;55;50;40;40;40;75;300 ),
 (0573;'Cinccino';'Normal';NULL;75;95;60;65;60;115;470 ),
 (0574;'Gothita';'Psychic';NULL;45;30;50;55;65;45;290 ),
 (0575;'Gothorita';'Psychic';NULL;60;45;70;75;85;55;390 ),
 (0576;'Gothitelle';'Psychic';NULL;70;55;95;95;110;65;490 ),
 (0577;'Solosis';'Psychic';NULL;45;30;40;105;50;20;290 ),
 (0578;'Duosion';'Psychic';NULL;65;40;50;125;60;30;370 ),
 (0579;'Reuniclus';'Psychic';NULL;110;65;75;125;85;30;490 ),
 (0580;'Ducklett';'Water';'Flying';62;44;50;44;50;55;305 ),
 (0581;'Swanna';'Water';'Flying';75;87;63;87;63;98;473 ),
 (0582;'Vanillite';'Ice';NULL;36;50;50;65;60;44;305 ),
 (0583;'Vanillish';'Ice';NULL;51;65;65;80;75;59;395 ),
 (0584;'Vanilluxe';'Ice';NULL;71;95;85;110;95;79;535 ),
 (0585;'Deerling';'Normal';'Grass';60;60;50;40;50;75;335 ),
 (0586;'Sawsbuck';'Normal';'Grass';80;100;70;60;70;95;475 ),
 (0587;'Emolga';'Electric';'Flying';55;75;60;75;60;103;428 ),
 (0588;'Karrablast';'Bug';NULL;50;75;45;40;45;60;315 ),
 (0589;'Escavalier';'Bug';'Steel';70;135;105;60;105;20;495 ),
 (0590;'Foongus';'Grass';'Poison';69;55;45;55;55;15;294 ),
 (0591;'Amoonguss';'Grass';'Poison';114;85;70;85;80;30;464 ),
 (0592;'Frillish';'Water';'Ghost';55;40;50;65;85;40;335 ),
 (0593;'Jellicent';'Water';'Ghost';100;60;70;85;105;60;480 ),
 (0594;'Alomomola';'Water';NULL;165;75;80;40;45;65;470 ),
 (0595;'Joltik';'Bug';'Electric';50;47;50;57;50;65;319 ),
 (0596;'Galvantula';'Bug';'Electric';70;77;60;97;60;108;472 ),
 (0597;'Ferroseed';'Grass';'Steel';44;50;91;24;86;10;305 ),
 (0598;'Ferrothorn';'Grass';'Steel';74;94;131;54;116;20;489 ),
 (0599;'Klink';'Steel';NULL;40;55;70;45;60;30;300 ),
 (0600;'Klang';'Steel';NULL;60;80;95;70;85;50;440 ),
 (0601;'Klinklang';'Steel';NULL;60;100;115;70;85;90;520 ),
 (0602;'Tynamo';'Electric';NULL;35;55;40;45;40;60;275 ),
 (0603;'Eelektrik';'Electric';NULL;65;85;70;75;70;40;405 ),
 (0604;'Eelektross';'Electric';NULL;85;115;80;105;80;50;515 ),
 (0605;'Elgyem';'Psychic';NULL;55;55;55;85;55;30;335 ),
 (0606;'Beheeyem';'Psychic';NULL;75;75;75;125;95;40;485 ),
 (0607;'Litwick';'Ghost';'Fire';50;30;55;65;55;20;275 ),
 (0608;'Lampent';'Ghost';'Fire';60;40;60;95;60;55;370 ),
 (0609;'Chandelure';'Ghost';'Fire';60;55;90;145;90;80;520 ),
 (0610;'Axew';'Dragon';NULL;46;87;60;30;40;57;320 ),
 (0611;'Fraxure';'Dragon';NULL;66;117;70;40;50;67;410 ),
 (0612;'Haxorus';'Dragon';NULL;76;147;90;60;70;97;540 ),
 (0613;'Cubchoo';'Ice';NULL;55;70;40;60;40;40;305 ),
 (0614;'Beartic';'Ice';NULL;95;130;80;70;80;50;505 ),
 (0615;'Cryogonal';'Ice';NULL;80;50;50;95;135;105;515 ),
 (0616;'Shelmet';'Bug';NULL;50;40;85;40;65;25;305 ),
 (0617;'Accelgor';'Bug';NULL;80;70;40;100;60;145;495 ),
 (0618;'Stunfisk';'Ground';'Electric';109;66;84;81;99;32;471 ),
 (0619;'Mienfoo';'Fighting';NULL;45;85;50;55;50;65;350 ),
 (0620;'Mienshao';'Fighting';NULL;65;125;60;95;60;105;510 ),
 (0621;'Druddigon';'Dragon';NULL;77;120;90;60;90;48;485 ),
 (0622;'Golett';'Ground';'Ghost';59;74;50;35;50;35;303 ),
 (0623;'Golurk';'Ground';'Ghost';89;124;80;55;80;55;483 ),
 (0624;'Pawniard';'Dark';'Steel';45;85;70;40;40;60;340 ),
 (0625;'Bisharp';'Dark';'Steel';65;125;100;60;70;70;490 ),
 (0626;'Bouffalant';'Normal';NULL;95;110;95;40;95;55;490 ),
 (0627;'Rufflet';'Normal';'Flying';70;83;50;37;50;60;350 ),
 (0628;'Braviary';'Normal';'Flying';100;123;75;57;75;80;510 ),
 (0629;'Vullaby';'Dark';'Flying';70;55;75;45;65;60;370 ),
 (0630;'Mandibuzz';'Dark';'Flying';110;65;105;55;95;80;510 ),
 (0631;'Heatmor';'Fire';NULL;85;97;66;105;66;65;484 ),
 (0632;'Durant';'Bug';'Steel';58;109;112;48;48;109;484 ),
 (0633;'Deino';'Dark';'Dragon';52;65;50;45;50;38;300 ),
 (0634;'Zweilous';'Dark';'Dragon';72;85;70;65;70;58;420 ),
 (0635;'Hydreigon';'Dark';'Dragon';92;105;90;125;90;98;600 ),
 (0636;'Larvesta';'Bug';'Fire';55;85;55;50;55;60;360 ),
 (0637;'Volcarona';'Bug';'Fire';85;60;65;135;105;100;550 ),
 (0638;'Cobalion';'Steel';'Fighting';91;90;129;90;72;108;580 ),
 (0639;'Terrakion';'Rock';'Fighting';91;129;90;72;90;108;580 ),
 (0640;'Virizion';'Grass';'Fighting';91;90;72;90;129;108;580 ),
 (0641;'Tornadus';'Flying';NULL;79;115;70;125;80;111;580 ),
 (0642;'Thundurus';'Electric';'Flying';79;115;70;125;80;111;580 ),
 (0643;'Reshiram';'Dragon';'Fire';100;120;100;150;120;90;680 ),
 (0644;'Zekrom';'Dragon';'Electric';100;150;120;120;100;90;680 ),
 (0645;'Landorus';'Ground';'Flying';89;125;90;115;80;101;600 ),
 (0646;'Kyurem';'Dragon';'Ice';125;130;90;130;90;95;660 ),
 (0647;'Keldeo';'Water';'Fighting';91;72;90;129;90;108;580 ),
 (0648;'Meloetta';'Normal';'Psychic';100;77;77;128;128;90;600 ),
 (0649;'Genesect';'Bug';'Steel';71;120;95;120;95;99;600 ),
 (0650;'Chespin';'Grass';NULL;56;61;65;48;45;38;313 ),
 (0651;'Quilladin';'Grass';NULL;61;78;95;56;58;57;405 ),
 (0652;'Chesnaught';'Grass';'Fighting';88;107;122;74;75;64;530 ),
 (0653;'Fennekin';'Fire';NULL;40;45;40;62;60;60;307 ),
 (0654;'Braixen';'Fire';NULL;59;59;58;90;70;73;409 ),
 (0655;'Delphox';'Fire';'Psychic';75;69;72;114;100;104;534 ),
 (0656;'Froakie';'Water';NULL;41;56;40;62;44;71;314 ),
 (0657;'Frogadier';'Water';NULL;54;63;52;83;56;97;405 ),
 (0658;'Greninja';'Water';'Dark';72;95;67;103;71;122;530 ),
 (0659;'Bunnelby';'Normal';NULL;38;36;38;32;36;57;237 ),
 (0660;'Diggersby';'Normal';'Ground';85;56;77;50;77;78;423 ),
 (0661;'Fletchling';'Normal';'Flying';45;50;43;40;38;62;278 ),
 (0662;'Fletchinder';'Fire';'Flying';62;73;55;56;52;84;382 ),
 (0663;'Talonflame';'Fire';'Flying';78;81;71;74;69;126;499 ),
 (0664;'Scatterbug';'Bug';NULL;38;35;40;27;25;35;200 ),
 (0665;'Spewpa';'Bug';NULL;45;22;60;27;30;29;213 ),
 (0666;'Vivillon';'Bug';'Flying';80;52;50;90;50;89;411 ),
 (0667;'Litleo';'Fire';'Normal';62;50;58;73;54;72;369 ),
 (0668;'Pyroar';'Fire';'Normal';86;68;72;109;66;106;507 ),
 (0669;'Flabébé';'Fairy';NULL;44;38;39;61;79;42;303 ),
 (0670;'Floette';'Fairy';NULL;54;45;47;75;98;52;371 ),
 (0671;'Florges';'Fairy';NULL;78;65;68;112;154;75;552 ),
 (0672;'Skiddo';'Grass';NULL;66;65;48;62;57;52;350 ),
 (0673;'Gogoat';'Grass';NULL;123;100;62;97;81;68;531 ),
 (0674;'Pancham';'Fighting';NULL;67;82;62;46;48;43;348 ),
 (0675;'Pangoro';'Fighting';'Dark';95;124;78;69;71;58;495 ),
 (0676;'Furfrou';'Normal';NULL;75;80;60;65;90;102;472 ),
 (0677;'Espurr';'Psychic';NULL;62;48;54;63;60;68;355 ),
 (0678;"'Meowstic
Male'";'Psychic';NULL;74;48;76;83;81;104;466 ),
 (0679;'Honedge';'Steel';'Ghost';45;80;100;35;37;28;325 ),
 (0680;'Doublade';'Steel';'Ghost';59;110;150;45;49;35;448 ),
 (0681;'Aegislash';'Steel';'Ghost';60;50;140;50;140;60;500 ),
 (0682;'Spritzee';'Fairy';NULL;78;52;60;63;65;23;341 ),
 (0683;'Aromatisse';'Fairy';NULL;101;72;72;99;89;29;462 ),
 (0684;'Swirlix';'Fairy';NULL;62;48;66;59;57;49;341 ),
 (0685;'Slurpuff';'Fairy';NULL;82;80;86;85;75;72;480 ),
 (0686;'Inkay';'Dark';'Psychic';53;54;53;37;46;45;288 ),
 (0687;'Malamar';'Dark';'Psychic';86;92;88;68;75;73;482 ),
 (0688;'Binacle';'Rock';'Water';42;52;67;39;56;50;306 ),
 (0689;'Barbaracle';'Rock';'Water';72;105;115;54;86;68;500 ),
 (0690;'Skrelp';'Poison';'Water';50;60;60;60;60;30;320 ),
 (0691;'Dragalge';'Poison';'Dragon';65;75;90;97;123;44;494 ),
 (0692;'Clauncher';'Water';NULL;50;53;62;58;63;44;330 ),
 (0693;'Clawitzer';'Water';NULL;71;73;88;120;89;59;500 ),
 (0694;'Helioptile';'Electric';'Normal';44;38;33;61;43;70;289 ),
 (0695;'Heliolisk';'Electric';'Normal';62;55;52;109;94;109;481 ),
 (0696;'Tyrunt';'Rock';'Dragon';58;89;77;45;45;48;362 ),
 (0697;'Tyrantrum';'Rock';'Dragon';82;121;119;69;59;71;521 ),
 (0698;'Amaura';'Rock';'Ice';77;59;50;67;63;46;362 ),
 (0699;'Aurorus';'Rock';'Ice';123;77;72;99;92;58;521 ),
 (0700;'Sylveon';'Fairy';NULL;95;65;65;110;130;60;525 ),
 (0701;'Hawlucha';'Fighting';'Flying';78;92;75;74;63;118;500 ),
 (0702;'Dedenne';'Electric';'Fairy';67;58;57;81;67;101;431 ),
 (0703;'Carbink';'Rock';'Fairy';50;50;150;50;150;50;500 ),
 (0704;'Goomy';'Dragon';NULL;45;50;35;55;75;40;300 ),
 (0705;'Sliggoo';'Dragon';NULL;68;75;53;83;113;60;452 ),
 (0706;'Goodra';'Dragon';NULL;90;100;70;110;150;80;600 ),
 (0707;'Klefki';'Steel';'Fairy';57;80;91;80;87;75;470 ),
 (0708;'Phantump';'Ghost';'Grass';43;70;48;50;60;38;309 ),
 (0709;'Trevenant';'Ghost';'Grass';85;110;76;65;82;56;474 ),
 (0710;'Pumpkaboo';'Ghost';'Grass';49;66;70;44;55;51;335 ),
 (0711;'Gourgeist';'Ghost';'Grass';65;90;122;58;75;84;494 ),
 (0712;'Bergmite';'Ice';NULL;55;69;85;32;35;28;304 ),
 (0713;'Avalugg';'Ice';NULL;95;117;184;44;46;28;514 ),
 (0714;'Noibat';'Flying';'Dragon';40;30;35;45;40;55;245 ),
 (0715;'Noivern';'Flying';'Dragon';85;70;80;97;80;123;535 ),
 (0716;'Xerneas';'Fairy';NULL;126;131;95;131;98;99;680 ),
 (0717;'Yveltal';'Dark';'Flying';126;131;95;131;98;99;680 ),
 (0718;'Zygarde';'Dragon';'Ground';108;100;121;81;95;95;600 ),
 (0719;'Diancie';'Rock';'Fairy';50;100;150;100;150;50;600 ),
 (0720;'Hoopa';'Psychic';'Ghost';80;110;60;150;130;70;600 ),
 (0721;'Volcanion';'Fire';'Water';80;110;120;130;90;70;600 ),
 (0722;'Rowlet';'Grass';'Flying';68;55;55;50;50;42;320 ),
 (0723;'Dartrix';'Grass';'Flying';78;75;75;70;70;52;420 ),
 (0724;'Decidueye';'Grass';'Ghost';78;107;75;100;100;70;530 ),
 (0725;'Litten';'Fire';NULL;45;65;40;60;40;70;320 ),
 (0726;'Torracat';'Fire';NULL;65;85;50;80;50;90;420 ),
 (0727;'Incineroar';'Fire';'Dark';95;115;90;80;90;60;530 ),
 (0728;'Popplio';'Water';NULL;50;54;54;66;56;40;320 ),
 (0729;'Brionne';'Water';NULL;60;69;69;91;81;50;420 ),
 (0730;'Primarina';'Water';'Fairy';80;74;74;126;116;60;530 ),
 (0731;'Pikipek';'Normal';'Flying';35;75;30;30;30;65;265 ),
 (0732;'Trumbeak';'Normal';'Flying';55;85;50;40;50;75;355 ),
 (0733;'Toucannon';'Normal';'Flying';80;120;75;75;75;60;485 ),
 (0734;'Yungoos';'Normal';NULL;48;70;30;30;30;45;253 ),
 (0735;'Gumshoos';'Normal';NULL;88;110;60;55;60;45;418 ),
 (0736;'Grubbin';'Bug';NULL;47;62;45;55;45;46;300 ),
 (0737;'Charjabug';'Bug';'Electric';57;82;95;55;75;36;400 ),
 (0738;'Vikavolt';'Bug';'Electric';77;70;90;145;75;43;500 ),
 (0739;'Crabrawler';'Fighting';NULL;47;82;57;42;47;63;338 ),
 (0740;'Crabominable';'Fighting';'Ice';97;132;77;62;67;43;478 ),
 (0741;'Oricorio';'Fire';'Flying';75;70;70;98;70;93;476 ),
 (0742;'Cutiefly';'Bug';'Fairy';40;45;40;55;40;84;304 ),
 (0743;'Ribombee';'Bug';'Fairy';60;55;60;95;70;124;464 ),
 (0744;'Rockruff';'Rock';NULL;45;65;40;30;40;60;280 ),
 (0745;'Lycanroc';'Rock';NULL;75;115;65;55;65;112;487 ),
 (0746;'Wishiwash';'Water';NULL;45;20;20;25;25;40;175 ),
 (0747;'Mareanie';'Poison';'Water';50;53;62;43;52;45;305 ),
 (0748;'Toxapex';'Poison';'Water';50;63;152;53;142;35;495 ),
 (0749;'Mudbray';'Ground';NULL;70;100;70;45;55;45;385 ),
 (0750;'Mudsdale';'Ground';NULL;100;125;100;55;85;35;500 ),
 (0751;'';'Water';'Bug';38;40;52;40;72;27;269 ),
 (0752;'Araquanid';'Water';'Bug';68;70;92;50;132;42;454 ),
 (0753;'Fomantis';'Grass';NULL;40;55;35;50;35;35;250 ),
 (0754;'Lurantis';'Grass';NULL;70;105;90;80;90;45;480 ),
 (0755;'Morelull';'Grass';'Fairy';40;35;55;65;75;15;285 ),
 (0756;'Shiinotic';'Grass';'Fairy';60;45;80;90;100;30;405 ),
 (0757;'Salandit';'Poison';'Fire';48;44;40;71;40;77;320 ),
 (0758;'Salazzle';'Poison';'Fire';68;64;60;111;60;117;480 ),
 (0759;'Stufful';'Normal';'Fighting';70;75;50;45;50;50;340 ),
 (0760;'Bewear';'Normal';'Fighting';120;125;80;55;60;60;500 ),
 (0761;'Bounsweet';'Grass';NULL;42;30;38;30;38;32;210 ),
 (0762;'Steenee';'Grass';NULL;52;40;48;40;48;62;290 ),
 (0763;'Tsareena';'Grass';NULL;72;120;98;50;98;72;510 ),
 (0764;'Comfey';'Fairy';NULL;51;52;90;82;110;100;485 ),
 (0765;'Oranguru';'Normal';'Psychic';90;60;80;90;110;60;490 ),
 (0766;'Passimian';'Fighting';NULL;100;120;90;40;60;80;490 ),
 (0767;'Wimpod';'Bug';'Water';25;35;40;20;30;80;230 ),
 (0768;'Golisopod';'Bug';'Water';75;125;140;60;90;40;530 ),
 (0769;'Sandygast';'Ghost';'Ground';55;55;80;70;45;15;320 ),
 (0770;'Palossand';'Ghost';'Ground';85;75;110;100;75;35;480 ),
 (0771;'Pyukumuku';'Water';NULL;55;60;130;30;130;5;410 ),
 (0772;'Type: Null';'Normal';NULL;95;95;95;95;95;59;534 ),
 (0773;'Silvally';'Normal';NULL;95;95;95;95;95;95;570 ),
 (0774;'Minior';'Rock';'Flying';60;60;100;60;100;60;440 ),
 (0775;'Komala';'Normal';NULL;65;115;65;75;95;65;480 ),
 (0776;'Turtonator';'Fire';'Dragon';60;78;135;91;85;36;485 ),
 (0777;'Togedemaru';'Electric';'Steel';65;98;63;40;73;96;435 ),
 (0778;'Mimikyu';'Ghost';'Fairy';55;90;80;50;105;96;476 ),
 (0779;'Bruxish';'Water';'Psychic';68;105;70;70;70;92;475 ),
 (0780;'Drampa';'Normal';'Dragon';78;60;85;135;91;36;485 ),
 (0781;'Dhelmise';'Ghost';'Grass';70;131;100;86;90;40;517 ),
 (0782;'Jangmo-o';'Dragon';NULL;45;55;65;45;45;45;300 ),
 (0783;'Hakamo-o';'Dragon';'Fighting';55;75;90;65;70;65;420 ),
 (0784;'Kommo-o';'Dragon';'Fighting';75;110;125;100;105;85;600 ),
 (0785;'Tapu Koko';'Electric';'Fairy';70;115;85;95;75;130;570 ),
 (0786;'Tapu Lele';'Psychic';'Fairy';70;85;75;130;115;95;570 ),
 (0787;'Tapu Bulu';'Grass';'Fairy';70;130;115;85;95;75;570 ),
 (0788;'Tapu Fini';'Water';'Fairy';70;75;115;95;130;85;570 ),
 (0789;'Cosmog';'Psychic';NULL;43;29;31;29;31;37;200 ),
 (0790;'Cosmoem';'Psychic';NULL;43;29;131;29;131;37;400 ),
 (0791;'Solgaleo';'Psychic';'Steel';137;137;107;113;89;97;680 ),
 (0792;'Lunala';'Psychic';'Ghost';137;113;89;137;107;97;680 ),
 (0793;'Nihilego';'Rock';'Poison';109;53;47;127;131;103;570 ),
 (0794;'Buzzwole';'Bug';'Fighting';107;139;139;53;53;79;570 ),
 (0795;'Pheromosa';'Bug';'Fighting';71;137;37;137;37;151;570 ),
 (0796;'Xurkitree';'Electric';NULL;83;89;71;173;71;83;570 ),
 (0797;'Celesteela';'Steel';'Flying';97;101;103;107;101;61;570 ),
 (0798;'Kartana';'Grass';'Steel';59;181;131;59;31;109;570 ),
 (0799;'Guzzlord';'Dark';'Dragon';223;101;53;97;53;43;570 ),
 (0800;'Necrozma';'Psychic';NULL;97;107;101;127;89;79;600 ),
 (0801;'Magearna';'Steel';'Fairy';80;95;115;130;115;65;600 ),
 (0802;'Marshadow';'Fighting';'Ghost';90;125;80;90;90;125;600 ),
 (0803;'Poipole';'Poison';NULL;67;73;67;73;67;73;420 ),
 (0804;'Naganadel';'Poison';'Dragon';73;73;73;127;73;121;540 ),
 (0805;'Stakataka';'Rock';'Steel';61;131;211;53;101;13;570 ),
 (0806;'Blacephalon';'Fire';'Ghost';53;127;53;151;79;107;570 ),
 (0807;'Zeraora';'Electric';NULL;88;112;75;102;80;143;600 ),
 (0808;'Meltan';'Steel';NULL;46;65;65;55;35;34;300 ),
 (0809;'Melmetal';'Steel';NULL;135;143;143;80;65;34;600 ),
 (0810;'Grookey';'Grass';NULL;50;65;50;40;40;65;310 ),
 (0811;'Thwackey';'Grass';NULL;70;85;70;55;60;80;420 ),
 (0812;'Rillaboom';'Grass';NULL;100;125;90;60;70;85;530 ),
 (0813;'Scorbunny';'Fire';NULL;50;71;40;40;40;69;310 ),
 (0814;'Raboot';'Fire';NULL;65;86;60;55;60;94;420 ),
 (0815;'Cinderace';'Fire';NULL;80;116;75;65;75;119;530 ),
 (0816;'Sobble';'Water';NULL;50;40;40;70;40;70;310 ),
 (0817;'Drizzile';'Water';NULL;65;60;55;95;55;90;420 ),
 (0818;'Inteleon';'Water';NULL;70;85;65;125;65;120;530 ),
 (0819;'Skwovet';'Normal';NULL;70;55;55;35;35;25;275 ),
 (0820;'Greedent';'Normal';NULL;120;95;95;55;75;20;460 ),
 (0821;'Rookidee';'Flying';NULL;38;47;35;33;35;57;245 ),
 (0822;'Corvisquire';'Flying';NULL;68;67;55;43;55;77;365 ),
 (0823;'Corviknight';'Flying';'Steel';98;87;105;53;85;67;495 ),
 (0824;'Blipbug';'Bug';NULL;25;20;20;25;45;45;180 ),
 (0825;'Dottler';'Bug';'Psychic';50;35;80;50;90;30;335 ),
 (0826;'Orbeetle';'Bug';'Psychic';60;45;110;80;120;90;505 ),
 (0827;'Nickit';'Dark';NULL;40;28;28;47;52;50;245 ),
 (0828;'Thievul';'Dark';NULL;70;58;58;87;92;90;455 ),
 (0829;'Gossifleur';'Grass';NULL;40;40;60;40;60;10;250 ),
 (0830;'Eldegoss';'Grass';NULL;60;50;90;80;120;60;460 ),
 (0831;'Wooloo';'Normal';NULL;42;40;55;40;45;48;270 ),
 (0832;'Dubwool';'Normal';NULL;72;80;100;60;90;88;490 ),
 (0833;'Chewtle';'Water';NULL;50;64;50;38;38;44;284 ),
 (0834;'Drednaw';'Water';'Rock';90;115;90;48;68;74;485 ),
 (0835;'Yamper';'Electric';NULL;59;45;50;40;50;26;270 ),
 (0836;'Boltund';'Electric';NULL;69;90;60;90;60;121;490 ),
 (0837;'Rolycoly';'Rock';NULL;30;40;50;40;50;30;240 ),
 (0838;'Carkol';'Rock';'Fire';80;60;90;60;70;50;410 ),
 (0839;'Coalossal';'Rock';'Fire';110;80;120;80;90;30;510 ),
 (0840;'Applin';'Grass';'Dragon';40;40;80;40;40;20;260 ),
 (0841;'Flapple';'Grass';'Dragon';70;110;80;95;60;70;485 ),
 (0842;'Appletun';'Grass';'Dragon';110;85;80;100;80;30;485 ),
 (0843;'Silicobra';'Ground';NULL;52;57;75;35;50;46;315 ),
 (0844;'Sandaconda';'Ground';NULL;72;107;125;65;70;71;510 ),
 (0845;'Cramorant';'Flying';'Water';70;85;55;85;95;85;475 ),
 (0846;'Arrokuda';'Water';NULL;41;63;40;40;30;66;280 ),
 (0847;'Barraskewda';'Water';NULL;61;123;60;60;50;136;490 ),
 (0848;'Toxel';'Electric';'Poison';40;38;35;54;35;40;242 ),
 (0849;'Toxtricity';'Electric';'Poison';75;98;70;114;70;75;502 ),
 (0850;'Sizzlipede';'Fire';'Bug';50;65;45;50;50;45;305 ),
 (0851;'Centiskorch';'Fire';'Bug';100;115;65;90;90;65;525 ),
 (0852;'Clobbopus';'Fighting';NULL;50;68;60;50;50;32;310 ),
 (0853;'Grapploct';'Fighting';NULL;80;118;90;70;80;42;480 ),
 (0854;'Sinistea';'Ghost';NULL;40;45;45;74;54;50;308 ),
 (0855;'Polteageist';'Ghost';NULL;60;65;65;134;114;70;508 ),
 (0856;'Hatenna';'Psychic';NULL;42;30;45;56;53;39;265 ),
 (0857;'Hattrem';'Psychic';NULL;57;40;65;86;73;49;370 ),
 (0858;'Hatterene';'Psychic';'Fairy';57;90;95;136;103;29;510 ),
 (0859;'Impidimp';'Dark';'Fairy';45;45;30;55;40;50;265 ),
 (0860;'Morgrem';'Dark';'Fairy';65;60;45;75;55;70;370 ),
 (0861;'Grimmsnarl';'Dark';'Fairy';95;120;65;95;75;60;510 ),
 (0862;'Obstagoon';'Dark';'Normal';93;90;101;60;81;95;520 ),
 (0863;'Perrserker';'Steel';NULL;70;110;100;50;60;50;440 ),
 (0864;'Cursola';'Ghost';NULL;60;95;50;145;130;30;510 ),
 (0865;'Sirfetch'd';'Fighting';NULL;62;135;95;68;82;65;507 ),
 (0866;'Mr. Rime';'Ice';'Psychic';80;85;75;110;100;70;520 ),
 (0867;'Runerigus';'Ground';'Ghost';58;95;145;50;105;30;483 ),
 (0868;'Milcery';'Fairy';NULL;45;40;40;50;61;34;270 ),
 (0869;'Alcremie';'Fairy';NULL;65;60;75;110;121;64;495 ),
 (0870;'Falinks';'Fighting';NULL;65;100;100;70;60;75;470 ),
 (0871;'Pincurchin';'Electric';NULL;48;101;95;91;85;15;435 ),
 (0872;'Snom';'Ice';'Bug';30;25;35;45;30;20;185 ),
 (0873;'Frosmoth';'Ice';'Bug';70;65;60;125;90;65;475 ),
 (0874;'Stonjourner';'Rock';NULL;100;125;135;20;20;70;470 ),
 (0875;Eiscue';'Ice';NULL;75;80;110;65;90;50;470 ),
 (0876;Indeedee';'Psychic';'Normal';60;65;55;105;95;95;475 ),
 (0877;'Morpeko';'Electric';'Dark';58;95;58;70;58;97;436 ),
 (0878;'Cufant';'Steel';NULL;72;80;49;40;49;40;330 ),
 (0879;'Copperajah';'Steel';NULL;122;130;69;80;69;30;500 ),
 (0880;'Dracozolt';'Electric';'Dragon';90;100;90;80;70;75;505 ),
 (0881;'Arctozolt';'Electric';'Ice';90;100;90;90;80;55;505 ),
 (0882;'Dracovish';'Water';'Dragon';90;90;100;70;80;75;505 ),
 (0883;'Arctovish';'Water';'Ice';90;90;100;80;90;55;505 ),
 (0884;'Duraludon';'Steel';'Dragon';70;95;115;120;50;85;535 ),
 (0885;'Dreepy';'Dragon';'Ghost';28;60;30;40;30;82;270 ),
 (0886;'Drakloak';'Dragon';'Ghost';68;80;50;60;50;102;410 ),
 (0887;'Dragapult';'Dragon';'Ghost';88;120;75;100;75;142;600 ),
 (0888;'Zacian';'Fairy';NULL;92;120;115;80;115;138;660 ),
 (0889;'Zamazenta';'Fighting';NULL;92;120;115;80;115;138;660 ),
 (0890;'Eternatus';'Poison';'Dragon';140;85;95;145;95;130;690 ),
 (0891;'Kubfu';'Fighting';NULL;60;90;60;53;50;72;385 ),
 (0892;'Urshifu';'Fighting';'Dark';100;130;100;63;60;97;550 ),
 (0893;'Zarude';'Dark';'Grass';105;120;105;70;95;105;600 ),
 (0894;'Regieleki';'Electric';NULL;80;100;50;100;50;200;580 ),
 (0895;'Regidrago';'Dragon';NULL;200;100;50;100;50;80;580 ),
 (0896;'Glastrier';'Ice';NULL;100;145;130;65;110;30;580 ),
 (0897;'Spectrier';'Ghost';NULL;100;65;60;145;80;130;580 ),
 (0898;'Calyrex';'Psychic';'Grass';100;80;80;80;80;80;500 ),
 (0899;'Wyrdeer';'Normal';'Psychic';103;105;72;105;75;65;525 ),
 (0900;'Kleavor';'Bug';'Rock';70;130;95;45;75;85;500 ),
 (0901;'Ursaluna';'Ground';'Normal';130;140;105;45;80;50;550 ),
 (0902;'Basc';'Water';'Ghost';120;112;65;80;75;78;530 ),
 (0903;'Sneasler';'Fighting';'Poison';80;130;60;40;80;120;510 ),
 (0904;'Overqwil';'Dark';'Poison';85;115;95;65;65;85;510 ),
 (0905;'Enamorus';'Fairy';'Flying';74;115;70;135;80;106;580 ),
 (0906;'Sprigatito';'Grass';NULL;40;61;54;45;45;65;310 ),
 (0907;'Floragato';'Grass';NULL;61;80;63;60;63;83;410 ),
 (0908;'Meowscarada';'Grass';'Dark';76;110;70;81;70;123;530 ),
 (0909;'Fuecoco';'Fire';NULL;67;45;59;63;40;36;310 ),
 (0910;'Crocalor';'Fire';NULL;81;55;78;90;58;49;411 ),
 (0911;'Skeledirge';'Fire';'Ghost';104;75;100;110;75;66;530 ),
 (0912;'Quaxly';'Water';NULL;55;65;45;50;45;50;310 ),
 (0913;'Quaxwell';'Water';NULL;70;85;65;65;60;65;410 ),
 (0914;'Quaquaval';'Water';'Fighting';85;120;80;85;75;85;530 ),
 (0915;'Lechonk';'Normal';NULL;54;45;40;35;45;35;254 ),
 (0916;'Oink';'Normal';NULL;110;100;75;59;80;65;489 ),
 (0917;'Tarountula';'Bug';NULL;35;41;45;29;40;20;210 ),
 (0918;'Spidops';'Bug';NULL;60;79;92;52;86;35;404 ),
 (0919;'Nymble';'Bug';NULL;33;46;40;21;25;45;210 ),
 (0920;'Lokix';'Bug';'Dark';71;102;78;52;55;92;450 ),
 (0921;'Pawmi';'Electric';NULL;45;50;20;40;25;60;240 ),
 (0922;'Pawmo';'Electric';'Fighting';60;75;40;50;40;85;350 ),
 (0923;'Pawmot';'Electric';'Fighting';70;115;70;70;60;105;490 ),
 (0924;'Tandemaus';'Normal';NULL;50;50;45;40;45;75;305 ),
 (0925;'Maushold';'Normal';NULL;74;75;70;65;75;111;470 ),
 (0926;'Fidough';'Fairy';NULL;37;55;70;30;55;65;312 ),
 (0927;'Dachsbun';'Fairy';NULL;57;80;115;50;80;95;477 ),
 (0928;'Smoliv';'Grass';'Normal';41;35;45;58;51;30;260 ),
 (0929;'Dolliv';'Grass';'Normal';52;53;60;78;78;33;354 ),
 (0930;'Arboliva';'Grass';'Normal';78;69;90;125;109;39;510 ),
 (0931;'Squawkabilly';'Normal';'Flying';82;96;51;45;51;92;417 ),
 (0932;'Nacli';'Rock';NULL;55;55;75;35;35;25;280 ),
 (0933;'Naclstack';'Rock';NULL;60;60;100;35;65;35;355 ),
 (0934;'Garganacl';'Rock';NULL;100;100;130;45;90;35;500 ),
 (0935;'Charcadet';'Fire';NULL;40;50;40;50;40;35;255 ),
 (0936;'Armarouge';'Fire';'Psychic';85;60;100;125;80;75;525 ),
 (0937;'Ceruledge';'Fire';'Ghost';75;125;80;60;100;85;525 ),
 (0938;'Tadbulb';'Electric';NULL;61;31;41;59;35;45;272 ),
 (0939;'Bellibolt';'Electric';NULL;109;64;91;103;83;45;495 ),
 (0940;'Wattrel';'Electric';'Flying';40;40;35;55;40;70;280 ),
 (0941;'Kilowattrel';'Electric';'Flying';70;70;60;105;60;125;490 ),
 (0942;'Maschiff';'Dark';NULL;60;78;60;40;51;51;340 ),
 (0943;'Mabosstiff';'Dark';NULL;80;120;90;60;70;85;505 ),
 (0944;'Shroodle';'Poison';'Normal';40;65;35;40;35;75;290 ),
 (0945;'Grafaiai';'Poison';'Normal';63;95;65;80;72;110;485 ),
 (0946;'Bramblin';'Grass';'Ghost';40;65;30;45;35;60;275 ),
 (0947;'Brambleghast';'Grass';'Ghost';55;115;70;80;70;90;480 ),
 (0948;'Toedscool';'Ground';'Grass';40;40;35;50;100;70;335 ),
 (0949;'Toedscruel';'Ground';'Grass';80;70;65;80;120;100;515 ),
 (0950;'Klawf';'Rock';NULL;70;100;115;35;55;75;450 ),
 (0951;'Capsakid';'Grass';NULL;50;62;40;62;40;50;304 ),
 (0952;'Scovillain';'Grass';'Fire';65;108;65;108;65;75;486 ),
 (0953;'Rellor';'Bug';NULL;41;50;60;31;58;30;270 ),
 (0954;'Rabsca';'Bug';'Psychic';75;50;85;115;100;45;470 ),
 (0955;'Flittle';'Psychic';NULL;30;35;30;55;30;75;255 ),
 (0956;'Espathra';'Psychic';NULL;95;60;60;101;60;105;481 ),
 (0957;'Tinkatink';'Fairy';'Steel';50;45;45;35;64;58;297 ),
 (0958;'Tinkatuff';'Fairy';'Steel';65;55;55;45;82;78;380 ),
 (0959;'Tinkaton';'Fairy';'Steel';85;75;77;70;105;94;506 ),
 (0960;'Wiglett';'Water';NULL;10;55;25;35;25;95;245 ),
 (0961;'Wugtrio';'Water';NULL;35;100;50;50;70;120;425 ),
 (0962;'Bombirdier';'Flying';'Dark';70;103;85;60;85;82;485 ),
 (0963;'Finizen';'Water';NULL;70;45;40;45;40;75;315 ),
 (0964;'Palafin';'Water';NULL;100;70;72;53;62;100;457 ),
 (0965;'Varoom';'Steel';'Poison';45;70;63;30;45;47;300 ),
 (0966;'Revavroom';'Steel';'Poison';80;119;90;54;67;90;500 ),
 (0967;'Cyclizar';'Dragon';'Normal';70;95;65;85;65;121;501 ),
 (0968;'Orthworm';'Steel';NULL;70;85;145;60;55;65;480 ),
 (0969;'Glimmet';'Rock';'Poison';48;35;42;105;60;60;350 ),
 (0970;'Glimmora';'Rock';'Poison';83;55;90;130;81;86;525 ),
 (0971;'Greavard';'Ghost';NULL;50;61;60;30;55;34;290 ),
 (0972;'Houndstone';'Ghost';NULL;72;101;100;50;97;68;488 ),
 (0973;'Flamigo';'Flying';'Fighting';82;115;74;75;64;90;500 ),
 (0974;'Cetoddle';'Ice';NULL;108;68;45;30;40;43;334 ),
 (0975;'Cetitan';'Ice';NULL;170;113;65;45;55;73;521 ),
 (0976;'Veluza';'Water';'Psychic';90;102;73;78;65;70;478 ),
 (0977;'Dondozo';'Water';NULL;150;100;115;65;65;35;530 ),
 (0978;'Tatsugiri';'Dragon';'Water';68;50;60;120;95;82;475 ),
 (0979;'Annihilape';'Fighting';'Ghost';110;115;80;50;90;90;535 ),
 (0980;'Clodsire';'Poison';'Ground';130;75;60;45;100;20;430 ),
 (0981;'Farigiraf';'Normal';'Psychic';120;90;70;110;70;60;520 ),
 (0982;'Dudunsparce';'Normal';NULL;125;100;80;85;75;55;520 ),
 (0983;'Kingambit';'Dark';'Steel';100;135;120;60;85;50;550 ),
 (0984;'Great Tusk';'Ground';'Fighting';115;131;131;53;53;87;570 ),
 (0985;'Scream Tail';'Fairy';'Psychic';115;65;99;65;115;111;570 ),
 (0986;'Brute Bonnet';'Grass';'Dark';111;127;99;79;99;55;570 ),
 (0987;'Flutter Mane';'Ghost';'Fairy';55;55;55;135;135;135;570 ),
 (0988;'Slither Wing';'Bug';'Fighting';85;135;79;85;105;81;570 ),
 (0989;'Sandy Shocks';'Electric';'Ground';85;81;97;121;85;101;570 ),
 (0990;'Iron Treads';'Ground';'Steel';90;112;120;72;70;106;570 ),
 (0991;'Iron Bundle';'Ice';'Water';56;80;114;124;60;136;570 ),
 (0992;'Iron Hands';'Fighting';'Electric';154;140;108;50;68;50;570 ),
 (0993;'Iron Jugulis';'Dark';'Flying';94;80;86;122;80;108;570 ),
 (0994;'Iron Moth';'Fire';'Poison';80;70;60;140;110;110;570 ),
 (0995;'Iron Thorns';'Rock';'Electric';100;134;110;70;84;72;570 ),
 (0996;'Frigibax';'Dragon';'Ice';65;75;45;35;45;55;320 ),
 (0997;'Arctibax';'Dragon';'Ice';90;95;66;45;65;62;423 ),
 (0998;'Baxcalibur';'Dragon';'Ice';115;145;92;75;86;87;600 ),
 (0999;'Gimmighou';'Ghost';NULL;45;30;70;75;70;10;300 ),
 (1000;'Gholdengo';'Steel';'Ghost';87;60;95;133;91;84;550 ),
 (1001;'Wo-Chien';'Dark';'Grass';85;85;100;95;135;70;570 ),
 (1002;'Chien-Pao';'Dark';'Ice';80;120;80;90;65;135;570 ),
 (1003;'Ting-Lu';'Dark';'Ground';155;110;125;55;80;45;570 ),
 (1004;'Chi-Yu';'Dark';'Fire';55;80;80;135;120;100;570 ),
 (1005;'Roaring Moon';'Dragon';'Dark';105;139;71;55;101;119;590 ),
 (1006;'Iron Valiant';'Fairy';'Fighting';74;130;90;120;60;116;590 ),
 (1007;'Koraidon';'Fighting';'Dragon';100;135;115;85;100;135;670 ),
 (1008;'Miraidon';'Electric';'Dragon';100;85;100;135;115;135;670 ),
 (1009;'Walking Wake';'Water';'Dragon';99;83;91;125;83;109;590 ),
 (1010;'Iron Leaves';'Grass';'Psychic';90;130;88;70;108;104;590 ),
